{
  "https://www.webstaurantstore.com/outlet.html?category=26671" : {
    "transaction" : "https://www.webstaurantstore.com/outlet.html?category=26671",
    "sampleCount" : 1,
    "errorCount" : 0,
    "errorPct" : 0.0,
    "meanResTime" : 225.0,
    "medianResTime" : 225.0,
    "minResTime" : 225.0,
    "maxResTime" : 225.0,
    "pct1ResTime" : 225.0,
    "pct2ResTime" : 225.0,
    "pct3ResTime" : 225.0,
    "throughput" : 4.444444444444445,
    "receivedKBytesPerSec" : 724.3923611111111,
    "sentKBytesPerSec" : 3.7934027777777777
  },
  "https://www.webstaurantstore.com/outlet.html?category=2687" : {
    "transaction" : "https://www.webstaurantstore.com/outlet.html?category=2687",
    "sampleCount" : 1,
    "errorCount" : 0,
    "errorPct" : 0.0,
    "meanResTime" : 233.0,
    "medianResTime" : 233.0,
    "minResTime" : 233.0,
    "maxResTime" : 233.0,
    "pct1ResTime" : 233.0,
    "pct2ResTime" : 233.0,
    "pct3ResTime" : 233.0,
    "throughput" : 4.291845493562231,
    "receivedKBytesPerSec" : 697.9571821351931,
    "sentKBytesPerSec" : 3.6589659334763946
  },
  "https://www.webstaurantstore.com/outlet/360HFF12HC/65475.html" : {
    "transaction" : "https://www.webstaurantstore.com/outlet/360HFF12HC/65475.html",
    "sampleCount" : 1,
    "errorCount" : 0,
    "errorPct" : 0.0,
    "meanResTime" : 315.0,
    "medianResTime" : 315.0,
    "minResTime" : 315.0,
    "maxResTime" : 315.0,
    "pct1ResTime" : 315.0,
    "pct2ResTime" : 315.0,
    "pct3ResTime" : 315.0,
    "throughput" : 3.1746031746031744,
    "receivedKBytesPerSec" : 789.710441468254,
    "sentKBytesPerSec" : 2.7157738095238093
  },
  "https://www.webstaurantstore.com/outlet/91547055/65477.html" : {
    "transaction" : "https://www.webstaurantstore.com/outlet/91547055/65477.html",
    "sampleCount" : 1,
    "errorCount" : 0,
    "errorPct" : 0.0,
    "meanResTime" : 404.0,
    "medianResTime" : 404.0,
    "minResTime" : 404.0,
    "maxResTime" : 404.0,
    "pct1ResTime" : 404.0,
    "pct2ResTime" : 404.0,
    "pct3ResTime" : 404.0,
    "throughput" : 2.4752475247524752,
    "receivedKBytesPerSec" : 510.47387453589107,
    "sentKBytesPerSec" : 2.1126624381188117
  },
  "https://www.webstaurantstore.com/outlet/584MULTI548H/63097.html" : {
    "transaction" : "https://www.webstaurantstore.com/outlet/584MULTI548H/63097.html",
    "sampleCount" : 1,
    "errorCount" : 0,
    "errorPct" : 0.0,
    "meanResTime" : 477.0,
    "medianResTime" : 477.0,
    "minResTime" : 477.0,
    "maxResTime" : 477.0,
    "pct1ResTime" : 477.0,
    "pct2ResTime" : 477.0,
    "pct3ResTime" : 477.0,
    "throughput" : 2.0964360587002098,
    "receivedKBytesPerSec" : 452.53537735849056,
    "sentKBytesPerSec" : 1.7975301362683438
  },
  "https://www.webstaurantstore.com/outlet.html?category=4147" : {
    "transaction" : "https://www.webstaurantstore.com/outlet.html?category=4147",
    "sampleCount" : 1,
    "errorCount" : 0,
    "errorPct" : 0.0,
    "meanResTime" : 389.0,
    "medianResTime" : 389.0,
    "minResTime" : 389.0,
    "maxResTime" : 389.0,
    "pct1ResTime" : 389.0,
    "pct2ResTime" : 389.0,
    "pct3ResTime" : 389.0,
    "throughput" : 2.5706940874035986,
    "receivedKBytesPerSec" : 1957.2320854755783,
    "sentKBytesPerSec" : 2.191617127249357
  },
  "https://www.webstaurantstore.com/outlet/348PSM23MTR/65111.html" : {
    "transaction" : "https://www.webstaurantstore.com/outlet/348PSM23MTR/65111.html",
    "sampleCount" : 1,
    "errorCount" : 0,
    "errorPct" : 0.0,
    "meanResTime" : 359.0,
    "medianResTime" : 359.0,
    "minResTime" : 359.0,
    "maxResTime" : 359.0,
    "pct1ResTime" : 359.0,
    "pct2ResTime" : 359.0,
    "pct3ResTime" : 359.0,
    "throughput" : 2.785515320334262,
    "receivedKBytesPerSec" : 501.86607764623955,
    "sentKBytesPerSec" : 2.3856415389972145
  },
  "https://www.webstaurantstore.com/outlet/89717532184V/64825.html" : {
    "transaction" : "https://www.webstaurantstore.com/outlet/89717532184V/64825.html",
    "sampleCount" : 1,
    "errorCount" : 0,
    "errorPct" : 0.0,
    "meanResTime" : 249.0,
    "medianResTime" : 249.0,
    "minResTime" : 249.0,
    "maxResTime" : 249.0,
    "pct1ResTime" : 249.0,
    "pct2ResTime" : 249.0,
    "pct3ResTime" : 249.0,
    "throughput" : 4.016064257028112,
    "receivedKBytesPerSec" : 971.8287211345381,
    "sentKBytesPerSec" : 3.443461345381526
  },
  "Test" : {
    "transaction" : "Test",
    "sampleCount" : 27,
    "errorCount" : 0,
    "errorPct" : 0.0,
    "meanResTime" : 1968.148148148148,
    "medianResTime" : 1873.0,
    "minResTime" : 1176.0,
    "maxResTime" : 3457.0,
    "pct1ResTime" : 2511.3999999999996,
    "pct2ResTime" : 3236.199999999999,
    "pct3ResTime" : 3457.0,
    "throughput" : 0.032601017876224804,
    "receivedKBytesPerSec" : 73.53437270774093,
    "sentKBytesPerSec" : 0.10106574953664293
  },
  "https://www.webstaurantstore.com/outlet.html?category=13765" : {
    "transaction" : "https://www.webstaurantstore.com/outlet.html?category=13765",
    "sampleCount" : 2,
    "errorCount" : 0,
    "errorPct" : 0.0,
    "meanResTime" : 543.5,
    "medianResTime" : 543.5,
    "minResTime" : 531.0,
    "maxResTime" : 556.0,
    "pct1ResTime" : 556.0,
    "pct2ResTime" : 556.0,
    "pct3ResTime" : 556.0,
    "throughput" : 0.20374898125509372,
    "receivedKBytesPerSec" : 180.40997319427464,
    "sentKBytesPerSec" : 0.1739029390790546
  },
  "https://www.webstaurantstore.com/outlet.html?category=13249" : {
    "transaction" : "https://www.webstaurantstore.com/outlet.html?category=13249",
    "sampleCount" : 1,
    "errorCount" : 0,
    "errorPct" : 0.0,
    "meanResTime" : 510.0,
    "medianResTime" : 510.0,
    "minResTime" : 510.0,
    "maxResTime" : 510.0,
    "pct1ResTime" : 510.0,
    "pct2ResTime" : 510.0,
    "pct3ResTime" : 510.0,
    "throughput" : 1.9607843137254901,
    "receivedKBytesPerSec" : 1348.6883425245098,
    "sentKBytesPerSec" : 1.6735600490196079
  },
  "https://www.webstaurantstore.com/outlet/4806110/61927.html" : {
    "transaction" : "https://www.webstaurantstore.com/outlet/4806110/61927.html",
    "sampleCount" : 1,
    "errorCount" : 0,
    "errorPct" : 0.0,
    "meanResTime" : 452.0,
    "medianResTime" : 452.0,
    "minResTime" : 452.0,
    "maxResTime" : 452.0,
    "pct1ResTime" : 452.0,
    "pct2ResTime" : 452.0,
    "pct3ResTime" : 452.0,
    "throughput" : 2.2123893805309733,
    "receivedKBytesPerSec" : 460.29798119469024,
    "sentKBytesPerSec" : 1.8861483683628317
  },
  "https://www.webstaurantstore.com/outlet.html?category=13283" : {
    "transaction" : "https://www.webstaurantstore.com/outlet.html?category=13283",
    "sampleCount" : 1,
    "errorCount" : 0,
    "errorPct" : 0.0,
    "meanResTime" : 285.0,
    "medianResTime" : 285.0,
    "minResTime" : 285.0,
    "maxResTime" : 285.0,
    "pct1ResTime" : 285.0,
    "pct2ResTime" : 285.0,
    "pct3ResTime" : 285.0,
    "throughput" : 3.5087719298245617,
    "receivedKBytesPerSec" : 964.7135416666667,
    "sentKBytesPerSec" : 2.994791666666667
  },
  "https://www.webstaurantstore.com/outlet/495NOWFU3FDV/65791.html" : {
    "transaction" : "https://www.webstaurantstore.com/outlet/495NOWFU3FDV/65791.html",
    "sampleCount" : 1,
    "errorCount" : 0,
    "errorPct" : 0.0,
    "meanResTime" : 311.0,
    "medianResTime" : 311.0,
    "minResTime" : 311.0,
    "maxResTime" : 311.0,
    "pct1ResTime" : 311.0,
    "pct2ResTime" : 311.0,
    "pct3ResTime" : 311.0,
    "throughput" : 3.215434083601286,
    "receivedKBytesPerSec" : 877.3707546221865,
    "sentKBytesPerSec" : 2.7569835209003215
  },
  "https://www.webstaurantstore.com/outlet/690FGSR14PLSS/65819.html" : {
    "transaction" : "https://www.webstaurantstore.com/outlet/690FGSR14PLSS/65819.html",
    "sampleCount" : 1,
    "errorCount" : 0,
    "errorPct" : 0.0,
    "meanResTime" : 302.0,
    "medianResTime" : 302.0,
    "minResTime" : 302.0,
    "maxResTime" : 302.0,
    "pct1ResTime" : 302.0,
    "pct2ResTime" : 302.0,
    "pct3ResTime" : 302.0,
    "throughput" : 3.3112582781456954,
    "receivedKBytesPerSec" : 876.3678342301325,
    "sentKBytesPerSec" : 2.8423789321192054
  },
  "https://www.webstaurantstore.com/outlet.html?category=47649" : {
    "transaction" : "https://www.webstaurantstore.com/outlet.html?category=47649",
    "sampleCount" : 1,
    "errorCount" : 0,
    "errorPct" : 0.0,
    "meanResTime" : 698.0,
    "medianResTime" : 698.0,
    "minResTime" : 698.0,
    "maxResTime" : 698.0,
    "pct1ResTime" : 698.0,
    "pct2ResTime" : 698.0,
    "pct3ResTime" : 698.0,
    "throughput" : 1.4326647564469914,
    "receivedKBytesPerSec" : 685.5090996597422,
    "sentKBytesPerSec" : 1.2228017550143266
  },
  "https://www.webstaurantstore.com/outlet/991CDA64GYPL/65163.html" : {
    "transaction" : "https://www.webstaurantstore.com/outlet/991CDA64GYPL/65163.html",
    "sampleCount" : 1,
    "errorCount" : 0,
    "errorPct" : 0.0,
    "meanResTime" : 380.0,
    "medianResTime" : 380.0,
    "minResTime" : 380.0,
    "maxResTime" : 380.0,
    "pct1ResTime" : 380.0,
    "pct2ResTime" : 380.0,
    "pct3ResTime" : 380.0,
    "throughput" : 2.631578947368421,
    "receivedKBytesPerSec" : 607.3036595394736,
    "sentKBytesPerSec" : 2.256373355263158
  },
  "https://www.webstaurantstore.com/outlet.html?category=48573" : {
    "transaction" : "https://www.webstaurantstore.com/outlet.html?category=48573",
    "sampleCount" : 1,
    "errorCount" : 0,
    "errorPct" : 0.0,
    "meanResTime" : 301.0,
    "medianResTime" : 301.0,
    "minResTime" : 301.0,
    "maxResTime" : 301.0,
    "pct1ResTime" : 301.0,
    "pct2ResTime" : 301.0,
    "pct3ResTime" : 301.0,
    "throughput" : 3.3222591362126246,
    "receivedKBytesPerSec" : 1021.9191237541529,
    "sentKBytesPerSec" : 2.8356000830564785
  },
  "https://www.webstaurantstore.com/outlet/575SHT4D/63685.html" : {
    "transaction" : "https://www.webstaurantstore.com/outlet/575SHT4D/63685.html",
    "sampleCount" : 1,
    "errorCount" : 0,
    "errorPct" : 0.0,
    "meanResTime" : 405.0,
    "medianResTime" : 405.0,
    "minResTime" : 405.0,
    "maxResTime" : 405.0,
    "pct1ResTime" : 405.0,
    "pct2ResTime" : 405.0,
    "pct3ResTime" : 405.0,
    "throughput" : 2.4691358024691357,
    "receivedKBytesPerSec" : 603.6675347222222,
    "sentKBytesPerSec" : 2.107445987654321
  },
  "https://www.webstaurantstore.com/outlet/215EPPEL5/65903.html" : {
    "transaction" : "https://www.webstaurantstore.com/outlet/215EPPEL5/65903.html",
    "sampleCount" : 1,
    "errorCount" : 0,
    "errorPct" : 0.0,
    "meanResTime" : 298.0,
    "medianResTime" : 298.0,
    "minResTime" : 298.0,
    "maxResTime" : 298.0,
    "pct1ResTime" : 298.0,
    "pct2ResTime" : 298.0,
    "pct3ResTime" : 298.0,
    "throughput" : 3.3557046979865772,
    "receivedKBytesPerSec" : 1192.1042627936242,
    "sentKBytesPerSec" : 2.8674234479865772
  },
  "https://www.webstaurantstore.com/outlet/546MGSR2416/65627.html" : {
    "transaction" : "https://www.webstaurantstore.com/outlet/546MGSR2416/65627.html",
    "sampleCount" : 1,
    "errorCount" : 0,
    "errorPct" : 0.0,
    "meanResTime" : 249.0,
    "medianResTime" : 249.0,
    "minResTime" : 249.0,
    "maxResTime" : 249.0,
    "pct1ResTime" : 249.0,
    "pct2ResTime" : 249.0,
    "pct3ResTime" : 249.0,
    "throughput" : 4.016064257028112,
    "receivedKBytesPerSec" : 763.0482868975904,
    "sentKBytesPerSec" : 3.439539407630522
  },
  "https://www.webstaurantstore.com/outlet/178CBE84HC/65937.html" : {
    "transaction" : "https://www.webstaurantstore.com/outlet/178CBE84HC/65937.html",
    "sampleCount" : 1,
    "errorCount" : 0,
    "errorPct" : 0.0,
    "meanResTime" : 371.0,
    "medianResTime" : 371.0,
    "minResTime" : 371.0,
    "maxResTime" : 371.0,
    "pct1ResTime" : 371.0,
    "pct2ResTime" : 371.0,
    "pct3ResTime" : 371.0,
    "throughput" : 2.6954177897574128,
    "receivedKBytesPerSec" : 676.9315405997305,
    "sentKBytesPerSec" : 2.3058456873315363
  },
  "https://www.webstaurantstore.com/outlet/890TDD3HC/65629.html" : {
    "transaction" : "https://www.webstaurantstore.com/outlet/890TDD3HC/65629.html",
    "sampleCount" : 1,
    "errorCount" : 0,
    "errorPct" : 0.0,
    "meanResTime" : 403.0,
    "medianResTime" : 403.0,
    "minResTime" : 403.0,
    "maxResTime" : 403.0,
    "pct1ResTime" : 403.0,
    "pct2ResTime" : 403.0,
    "pct3ResTime" : 403.0,
    "throughput" : 2.4813895781637716,
    "receivedKBytesPerSec" : 665.4437422456575,
    "sentKBytesPerSec" : 2.1203280086848633
  },
  "https://www.webstaurantstore.com/outlet/109PR103WT/64577.html" : {
    "transaction" : "https://www.webstaurantstore.com/outlet/109PR103WT/64577.html",
    "sampleCount" : 2,
    "errorCount" : 0,
    "errorPct" : 0.0,
    "meanResTime" : 502.0,
    "medianResTime" : 502.0,
    "minResTime" : 397.0,
    "maxResTime" : 607.0,
    "pct1ResTime" : 607.0,
    "pct2ResTime" : 607.0,
    "pct3ResTime" : 607.0,
    "throughput" : 0.0028073051695121044,
    "receivedKBytesPerSec" : 1.0392621805462174,
    "sentKBytesPerSec" : 0.002401561844231058
  },
  "https://www.webstaurantstore.com/outlet/890TDD2HC/65317.html" : {
    "transaction" : "https://www.webstaurantstore.com/outlet/890TDD2HC/65317.html",
    "sampleCount" : 1,
    "errorCount" : 0,
    "errorPct" : 0.0,
    "meanResTime" : 619.0,
    "medianResTime" : 619.0,
    "minResTime" : 619.0,
    "maxResTime" : 619.0,
    "pct1ResTime" : 619.0,
    "pct2ResTime" : 619.0,
    "pct3ResTime" : 619.0,
    "throughput" : 1.6155088852988693,
    "receivedKBytesPerSec" : 432.4862429321486,
    "sentKBytesPerSec" : 1.3804397213247173
  },
  "https://www.webstaurantstore.com/outlet-1" : {
    "transaction" : "https://www.webstaurantstore.com/outlet-1",
    "sampleCount" : 28,
    "errorCount" : 0,
    "errorPct" : 0.0,
    "meanResTime" : 951.5714285714284,
    "medianResTime" : 880.0,
    "minResTime" : 726.0,
    "maxResTime" : 2109.0,
    "pct1ResTime" : 1115.8000000000004,
    "pct2ResTime" : 1758.4499999999978,
    "pct3ResTime" : 2109.0,
    "throughput" : 0.03109141987852138,
    "receivedKBytesPerSec" : 47.230284968825295,
    "sentKBytesPerSec" : 0.02586903294580099
  },
  "https://www.webstaurantstore.com/outlet.html?category=3513" : {
    "transaction" : "https://www.webstaurantstore.com/outlet.html?category=3513",
    "sampleCount" : 1,
    "errorCount" : 0,
    "errorPct" : 0.0,
    "meanResTime" : 314.0,
    "medianResTime" : 314.0,
    "minResTime" : 314.0,
    "maxResTime" : 314.0,
    "pct1ResTime" : 314.0,
    "pct2ResTime" : 314.0,
    "pct3ResTime" : 314.0,
    "throughput" : 3.1847133757961785,
    "receivedKBytesPerSec" : 519.3726363455414,
    "sentKBytesPerSec" : 2.715092555732484
  },
  "https://www.webstaurantstore.com/outlet/178SSWD2R/65527.html" : {
    "transaction" : "https://www.webstaurantstore.com/outlet/178SSWD2R/65527.html",
    "sampleCount" : 1,
    "errorCount" : 0,
    "errorPct" : 0.0,
    "meanResTime" : 285.0,
    "medianResTime" : 285.0,
    "minResTime" : 285.0,
    "maxResTime" : 285.0,
    "pct1ResTime" : 285.0,
    "pct2ResTime" : 285.0,
    "pct3ResTime" : 285.0,
    "throughput" : 3.5087719298245617,
    "receivedKBytesPerSec" : 1003.1901041666667,
    "sentKBytesPerSec" : 2.998218201754386
  },
  "https://www.webstaurantstore.com/outlet/305GUF27PD/65523.html" : {
    "transaction" : "https://www.webstaurantstore.com/outlet/305GUF27PD/65523.html",
    "sampleCount" : 1,
    "errorCount" : 0,
    "errorPct" : 0.0,
    "meanResTime" : 466.0,
    "medianResTime" : 466.0,
    "minResTime" : 466.0,
    "maxResTime" : 466.0,
    "pct1ResTime" : 466.0,
    "pct2ResTime" : 466.0,
    "pct3ResTime" : 466.0,
    "throughput" : 2.1459227467811157,
    "receivedKBytesPerSec" : 442.40796003218884,
    "sentKBytesPerSec" : 1.8357698497854076
  },
  "https://www.webstaurantstore.com/outlet.html?category=65583" : {
    "transaction" : "https://www.webstaurantstore.com/outlet.html?category=65583",
    "sampleCount" : 1,
    "errorCount" : 0,
    "errorPct" : 0.0,
    "meanResTime" : 383.0,
    "medianResTime" : 383.0,
    "minResTime" : 383.0,
    "maxResTime" : 383.0,
    "pct1ResTime" : 383.0,
    "pct2ResTime" : 383.0,
    "pct3ResTime" : 383.0,
    "throughput" : 2.6109660574412534,
    "receivedKBytesPerSec" : 699.2926933746736,
    "sentKBytesPerSec" : 2.228500326370757
  },
  "https://www.webstaurantstore.com/outlet.html?category=42385" : {
    "transaction" : "https://www.webstaurantstore.com/outlet.html?category=42385",
    "sampleCount" : 1,
    "errorCount" : 0,
    "errorPct" : 0.0,
    "meanResTime" : 463.0,
    "medianResTime" : 463.0,
    "minResTime" : 463.0,
    "maxResTime" : 463.0,
    "pct1ResTime" : 463.0,
    "pct2ResTime" : 463.0,
    "pct3ResTime" : 463.0,
    "throughput" : 2.1598272138228944,
    "receivedKBytesPerSec" : 1124.040311150108,
    "sentKBytesPerSec" : 1.843446274298056
  },
  "https://www.webstaurantstore.com/outlet-0" : {
    "transaction" : "https://www.webstaurantstore.com/outlet-0",
    "sampleCount" : 28,
    "errorCount" : 0,
    "errorPct" : 0.0,
    "meanResTime" : 202.2142857142857,
    "medianResTime" : 179.0,
    "minResTime" : 101.0,
    "maxResTime" : 803.0,
    "pct1ResTime" : 418.4000000000002,
    "pct2ResTime" : 684.1999999999992,
    "pct3ResTime" : 803.0,
    "throughput" : 0.03113629691572739,
    "receivedKBytesPerSec" : 0.027669951360656173,
    "sentKBytesPerSec" : 0.01839595667384284
  },
  "https://www.webstaurantstore.com/outlet.html?category=48565" : {
    "transaction" : "https://www.webstaurantstore.com/outlet.html?category=48565",
    "sampleCount" : 1,
    "errorCount" : 0,
    "errorPct" : 0.0,
    "meanResTime" : 673.0,
    "medianResTime" : 673.0,
    "minResTime" : 673.0,
    "maxResTime" : 673.0,
    "pct1ResTime" : 673.0,
    "pct2ResTime" : 673.0,
    "pct3ResTime" : 673.0,
    "throughput" : 1.4858841010401187,
    "receivedKBytesPerSec" : 240.82060271173847,
    "sentKBytesPerSec" : 1.2682252971768202
  },
  "https://www.webstaurantstore.com/outlet.html?category=13665" : {
    "transaction" : "https://www.webstaurantstore.com/outlet.html?category=13665",
    "sampleCount" : 1,
    "errorCount" : 0,
    "errorPct" : 0.0,
    "meanResTime" : 254.0,
    "medianResTime" : 254.0,
    "minResTime" : 254.0,
    "maxResTime" : 254.0,
    "pct1ResTime" : 254.0,
    "pct2ResTime" : 254.0,
    "pct3ResTime" : 254.0,
    "throughput" : 3.937007874015748,
    "receivedKBytesPerSec" : 791.011780265748,
    "sentKBytesPerSec" : 3.3602977362204722
  },
  "https://www.webstaurantstore.com/outlet.html?category=57769" : {
    "transaction" : "https://www.webstaurantstore.com/outlet.html?category=57769",
    "sampleCount" : 1,
    "errorCount" : 0,
    "errorPct" : 0.0,
    "meanResTime" : 339.0,
    "medianResTime" : 339.0,
    "minResTime" : 339.0,
    "maxResTime" : 339.0,
    "pct1ResTime" : 339.0,
    "pct2ResTime" : 339.0,
    "pct3ResTime" : 339.0,
    "throughput" : 2.949852507374631,
    "receivedKBytesPerSec" : 904.6656065634218,
    "sentKBytesPerSec" : 2.5177452064896753
  },
  "https://www.webstaurantstore.com/outlet/520KB310SSWM/65583.html" : {
    "transaction" : "https://www.webstaurantstore.com/outlet/520KB310SSWM/65583.html",
    "sampleCount" : 1,
    "errorCount" : 0,
    "errorPct" : 0.0,
    "meanResTime" : 338.0,
    "medianResTime" : 338.0,
    "minResTime" : 338.0,
    "maxResTime" : 338.0,
    "pct1ResTime" : 338.0,
    "pct2ResTime" : 338.0,
    "pct3ResTime" : 338.0,
    "throughput" : 2.9585798816568047,
    "receivedKBytesPerSec" : 738.7926451553254,
    "sentKBytesPerSec" : 2.5367511094674553
  },
  "https://www.webstaurantstore.com/outlet.html?category=13463" : {
    "transaction" : "https://www.webstaurantstore.com/outlet.html?category=13463",
    "sampleCount" : 1,
    "errorCount" : 0,
    "errorPct" : 0.0,
    "meanResTime" : 353.0,
    "medianResTime" : 353.0,
    "minResTime" : 353.0,
    "maxResTime" : 353.0,
    "pct1ResTime" : 353.0,
    "pct2ResTime" : 353.0,
    "pct3ResTime" : 353.0,
    "throughput" : 2.8328611898017,
    "receivedKBytesPerSec" : 730.3082949716714,
    "sentKBytesPerSec" : 2.4178912889518416
  },
  "https://www.webstaurantstore.com/outlet.html?category=13387" : {
    "transaction" : "https://www.webstaurantstore.com/outlet.html?category=13387",
    "sampleCount" : 2,
    "errorCount" : 0,
    "errorPct" : 0.0,
    "meanResTime" : 766.5,
    "medianResTime" : 766.5,
    "minResTime" : 719.0,
    "maxResTime" : 814.0,
    "pct1ResTime" : 814.0,
    "pct2ResTime" : 814.0,
    "pct3ResTime" : 814.0,
    "throughput" : 0.3500787677227376,
    "receivedKBytesPerSec" : 295.9712566186767,
    "sentKBytesPerSec" : 0.2987976982321022
  },
  "https://www.webstaurantstore.com/outlet.html?category=13581" : {
    "transaction" : "https://www.webstaurantstore.com/outlet.html?category=13581",
    "sampleCount" : 2,
    "errorCount" : 0,
    "errorPct" : 0.0,
    "meanResTime" : 803.0,
    "medianResTime" : 803.0,
    "minResTime" : 431.0,
    "maxResTime" : 1175.0,
    "pct1ResTime" : 1175.0,
    "pct2ResTime" : 1175.0,
    "pct3ResTime" : 1175.0,
    "throughput" : 0.36845983787767134,
    "receivedKBytesPerSec" : 292.64760702606856,
    "sentKBytesPerSec" : 0.3144862288135593
  },
  "https://www.webstaurantstore.com/outlet.html?category=47665" : {
    "transaction" : "https://www.webstaurantstore.com/outlet.html?category=47665",
    "sampleCount" : 1,
    "errorCount" : 0,
    "errorPct" : 0.0,
    "meanResTime" : 236.0,
    "medianResTime" : 236.0,
    "minResTime" : 236.0,
    "maxResTime" : 236.0,
    "pct1ResTime" : 236.0,
    "pct2ResTime" : 236.0,
    "pct3ResTime" : 236.0,
    "throughput" : 4.237288135593221,
    "receivedKBytesPerSec" : 693.0407507944916,
    "sentKBytesPerSec" : 3.6165916313559325
  },
  "https://www.webstaurantstore.com/outlet/413C15E/64277.html" : {
    "transaction" : "https://www.webstaurantstore.com/outlet/413C15E/64277.html",
    "sampleCount" : 1,
    "errorCount" : 0,
    "errorPct" : 0.0,
    "meanResTime" : 353.0,
    "medianResTime" : 353.0,
    "minResTime" : 353.0,
    "maxResTime" : 353.0,
    "pct1ResTime" : 353.0,
    "pct2ResTime" : 353.0,
    "pct3ResTime" : 353.0,
    "throughput" : 2.8328611898017,
    "receivedKBytesPerSec" : 614.6783153328612,
    "sentKBytesPerSec" : 2.4151248229461757
  },
  "https://www.webstaurantstore.com/outlet/415C80BAJADA/65741.html" : {
    "transaction" : "https://www.webstaurantstore.com/outlet/415C80BAJADA/65741.html",
    "sampleCount" : 1,
    "errorCount" : 0,
    "errorPct" : 0.0,
    "meanResTime" : 536.0,
    "medianResTime" : 536.0,
    "minResTime" : 536.0,
    "maxResTime" : 536.0,
    "pct1ResTime" : 536.0,
    "pct2ResTime" : 536.0,
    "pct3ResTime" : 536.0,
    "throughput" : 1.8656716417910448,
    "receivedKBytesPerSec" : 487.3028655550373,
    "sentKBytesPerSec" : 1.5996676772388059
  },
  "https://www.webstaurantstore.com/outlet.html?category=24767" : {
    "transaction" : "https://www.webstaurantstore.com/outlet.html?category=24767",
    "sampleCount" : 2,
    "errorCount" : 0,
    "errorPct" : 0.0,
    "meanResTime" : 369.5,
    "medianResTime" : 369.5,
    "minResTime" : 308.0,
    "maxResTime" : 431.0,
    "pct1ResTime" : 431.0,
    "pct2ResTime" : 431.0,
    "pct3ResTime" : 431.0,
    "throughput" : 0.0028076598576235686,
    "receivedKBytesPerSec" : 1.0633902036536078,
    "sentKBytesPerSec" : 0.0023963815581669913
  },
  "https://www.webstaurantstore.com/outlet.html?category=65513" : {
    "transaction" : "https://www.webstaurantstore.com/outlet.html?category=65513",
    "sampleCount" : 2,
    "errorCount" : 0,
    "errorPct" : 0.0,
    "meanResTime" : 362.5,
    "medianResTime" : 362.5,
    "minResTime" : 338.0,
    "maxResTime" : 387.0,
    "pct1ResTime" : 387.0,
    "pct2ResTime" : 387.0,
    "pct3ResTime" : 387.0,
    "throughput" : 0.01634427582599884,
    "receivedKBytesPerSec" : 5.1075063895903305,
    "sentKBytesPerSec" : 0.01395009479679979
  },
  "https://www.webstaurantstore.com/outlet/224BCD48SW/65773.html" : {
    "transaction" : "https://www.webstaurantstore.com/outlet/224BCD48SW/65773.html",
    "sampleCount" : 1,
    "errorCount" : 0,
    "errorPct" : 0.0,
    "meanResTime" : 494.0,
    "medianResTime" : 494.0,
    "minResTime" : 494.0,
    "maxResTime" : 494.0,
    "pct1ResTime" : 494.0,
    "pct2ResTime" : 494.0,
    "pct3ResTime" : 494.0,
    "throughput" : 2.0242914979757085,
    "receivedKBytesPerSec" : 496.76587803643724,
    "sentKBytesPerSec" : 1.731718117408907
  },
  "https://www.webstaurantstore.com/outlet.html?category=13949" : {
    "transaction" : "https://www.webstaurantstore.com/outlet.html?category=13949",
    "sampleCount" : 2,
    "errorCount" : 0,
    "errorPct" : 0.0,
    "meanResTime" : 676.0,
    "medianResTime" : 676.0,
    "minResTime" : 514.0,
    "maxResTime" : 838.0,
    "pct1ResTime" : 838.0,
    "pct2ResTime" : 838.0,
    "pct3ResTime" : 838.0,
    "throughput" : 0.021084591380619043,
    "receivedKBytesPerSec" : 20.14016023301109,
    "sentKBytesPerSec" : 0.017996028190098677
  },
  "https://www.webstaurantstore.com/outlet/92268129/65165.html" : {
    "transaction" : "https://www.webstaurantstore.com/outlet/92268129/65165.html",
    "sampleCount" : 1,
    "errorCount" : 0,
    "errorPct" : 0.0,
    "meanResTime" : 467.0,
    "medianResTime" : 467.0,
    "minResTime" : 467.0,
    "maxResTime" : 467.0,
    "pct1ResTime" : 467.0,
    "pct2ResTime" : 467.0,
    "pct3ResTime" : 467.0,
    "throughput" : 2.1413276231263385,
    "receivedKBytesPerSec" : 466.34518870449676,
    "sentKBytesPerSec" : 1.827656584582441
  },
  "https://www.webstaurantstore.com/outlet/185DP93HC/65539.html" : {
    "transaction" : "https://www.webstaurantstore.com/outlet/185DP93HC/65539.html",
    "sampleCount" : 1,
    "errorCount" : 0,
    "errorPct" : 0.0,
    "meanResTime" : 395.0,
    "medianResTime" : 395.0,
    "minResTime" : 395.0,
    "maxResTime" : 395.0,
    "pct1ResTime" : 395.0,
    "pct2ResTime" : 395.0,
    "pct3ResTime" : 395.0,
    "throughput" : 2.5316455696202533,
    "receivedKBytesPerSec" : 725.0939477848101,
    "sentKBytesPerSec" : 2.1632713607594938
  },
  "https://www.webstaurantstore.com/outlet/189BVAC28HC/65581.html" : {
    "transaction" : "https://www.webstaurantstore.com/outlet/189BVAC28HC/65581.html",
    "sampleCount" : 1,
    "errorCount" : 0,
    "errorPct" : 0.0,
    "meanResTime" : 368.0,
    "medianResTime" : 368.0,
    "minResTime" : 368.0,
    "maxResTime" : 368.0,
    "pct1ResTime" : 368.0,
    "pct2ResTime" : 368.0,
    "pct3ResTime" : 368.0,
    "throughput" : 2.717391304347826,
    "receivedKBytesPerSec" : 771.1606233016305,
    "sentKBytesPerSec" : 2.3272970448369565
  },
  "Total" : {
    "transaction" : "Total",
    "sampleCount" : 137,
    "errorCount" : 0,
    "errorPct" : 0.0,
    "meanResTime" : 639.839416058394,
    "medianResTime" : 531.0,
    "minResTime" : 101.0,
    "maxResTime" : 2212.0,
    "pct1ResTime" : 1131.8,
    "pct2ResTime" : 1250.6999999999996,
    "pct3ResTime" : 2172.8600000000006,
    "throughput" : 0.15198883492237475,
    "receivedKBytesPerSec" : 116.46489432338343,
    "sentKBytesPerSec" : 0.13863694166291318
  },
  "https://www.webstaurantstore.com/outlet" : {
    "transaction" : "https://www.webstaurantstore.com/outlet",
    "sampleCount" : 28,
    "errorCount" : 0,
    "errorPct" : 0.0,
    "meanResTime" : 1155.5,
    "medianResTime" : 1074.5,
    "minResTime" : 871.0,
    "maxResTime" : 2212.0,
    "pct1ResTime" : 1490.9000000000005,
    "pct2ResTime" : 2061.249999999999,
    "pct3ResTime" : 2212.0,
    "throughput" : 0.031063411516981703,
    "receivedKBytesPerSec" : 47.21534326941852,
    "sentKBytesPerSec" : 0.04419862361351791
  }
}